Afghanistan,Asia
Ukraine,Europe
Ural,Asia
China,Asia
India,Asia
Middle East,Asia
Alaska,North America
Alberta,North America
Northwest Territory,North America
Kamchatka,Asia
Ontario,North America
Western United States,North America
Argentina,South America
Brazil,South America
Peru,South America
North Africa,Africa
Venezuela,South America
Central America,North America
Eastern United States,North America
Siberia,Asia
Mongolia,Asia
Siam,Asia
Congo,Africa
East Africa,Africa
South Africa,Africa
Madagascar,Africa
Egypt,Africa
Eastern Australia,Australia
Western Australia,Australia
New Guinea,Australia
Quebec,North America
Southern Europe,Europe
Great Britain,Europe
Iceland,Europe
Western Europe,Europe
Northern Europe,Europe
Scandinavia,Europe
Greenland,North America
Indonesia,Australia
Irkutsk,Asia
Yakutsk,Asia
Japan,Asia